,SAT,GPA
0,1600,2.9241411798087826
1,1500,2.7585723747995012
2,1540,2.824799896803214
3,1610,2.940698060309711
4,2010,3.6029732803468364
